,City,Cloudiness,Country,Date,Humidity,Lat,Lng,Max Temp,Wind Speed
0,Rikitea,5,PF,1584336617,79,-23.12,-134.97,79.47,11.25
1,Qaanaaq,100,GL,1584336617,47,77.48,-69.36,-0.98,7.2
2,Nikolskoye,90,RU,1584336617,80,59.7,30.79,34.0,22.37
3,Vaini,75,TO,1584336618,88,-21.2,-175.2,82.4,10.29
4,Port Alfred,99,ZA,1584336618,98,-33.59,26.89,63.0,3.0
5,Kiryat Gat,18,IL,1584336618,82,31.61,34.76,61.0,2.24
6,Bluff,79,NZ,1584336618,64,-46.6,168.33,53.01,14.0
7,Hermanus,73,ZA,1584336619,78,-34.42,19.23,65.14,29.21
8,Kavieng,100,PG,1584336619,74,-2.57,150.8,83.71,11.12
9,Cape Town,20,ZA,1584336610,63,-33.93,18.42,64.99,8.05
10,Jamestown,1,US,1584336620,49,42.1,-79.24,26.6,8.05
11,Dunedin,90,NZ,1584335903,80,-45.87,170.5,51.01,1.99
12,Wajir,32,KE,1584336620,57,1.75,40.06,85.32,12.55
13,Punta Arenas,75,CL,1584336620,87,-53.15,-70.92,55.4,19.46
14,Longyearbyen,75,SJ,1584336620,70,78.22,15.64,-2.2,9.17
15,Ushuaia,40,AR,1584336621,76,-54.8,-68.3,51.8,4.7
16,Flinders,40,AU,1584336621,68,-34.58,150.86,72.0,13.87
17,Chokurdakh,0,RU,1584336621,89,70.63,147.92,-10.7,6.51
18,Saint Anthony,90,US,1584336621,69,45.02,-93.22,36.0,6.93
19,Butaritari,46,KI,1584336621,78,3.07,172.79,84.47,13.91
20,Port Elizabeth,75,ZA,1584336622,93,-33.92,25.57,60.8,2.24
21,Abhā,55,SA,1584336397,87,18.22,42.51,60.8,5.17
22,Padang,36,ID,1584336622,81,-0.95,100.35,79.92,1.61
23,Anloga,20,GH,1584336623,88,5.79,0.9,82.4,11.41
24,Castro,6,BR,1584336545,91,-24.79,-50.01,63.7,1.7
25,Bredasdorp,84,ZA,1584336623,82,-34.53,20.04,62.6,11.41
26,Lebu,0,CL,1584336623,96,-37.62,-73.65,52.07,6.04
27,Hofn,100,IS,1584336623,94,64.25,-15.21,39.45,42.41
28,Mahébourg,75,MU,1584336624,83,-20.41,57.7,81.0,2.24
29,Mataura,82,NZ,1584336624,64,-46.19,168.86,53.01,14.0
30,Bowen,40,AU,1584336624,65,-20.02,148.23,82.4,13.87
31,Kapaa,75,US,1584336624,88,22.08,-159.32,77.0,11.41
32,Pisco,90,PE,1584336625,83,-13.7,-76.22,73.4,5.82
33,Mezen',100,RU,1584336625,91,65.85,44.24,26.22,18.5
34,Biak,56,ID,1584336625,74,-0.91,122.88,84.42,13.24
35,Little Current,1,CA,1584336625,78,45.98,-81.92,17.6,3.36
36,Hithadhoo,100,MV,1584336625,62,-0.6,73.08,83.55,6.51
37,Pevek,33,RU,1584336626,82,69.7,170.31,7.3,13.33
38,Saint Paul Harbor,20,US,1584336626,74,57.79,-152.41,37.4,8.05
39,Avarua,100,CK,1584336626,83,-21.21,-159.78,82.4,6.93
40,Busselton,63,AU,1584336626,33,-33.65,115.33,78.01,11.52
41,Faya,8,SA,1584336627,87,18.39,42.45,60.8,0.94
42,Hamilton,90,US,1584336607,90,39.18,-84.53,42.01,3.36
43,Romny,0,UA,1584336627,47,50.75,33.47,30.72,9.06
44,Kaitangata,88,NZ,1584336627,80,-46.28,169.85,51.01,1.99
45,Bambous Virieux,75,MU,1584336627,83,-20.34,57.76,81.0,2.24
46,George Town,20,MY,1584336628,52,5.41,100.34,91.4,6.93
47,Grants Pass,90,US,1584336622,93,42.44,-123.33,37.0,8.05
48,Parchim,75,DE,1584336628,56,53.43,11.85,46.99,8.05
49,Puerto Ayora,20,EC,1584336629,83,-0.74,-90.35,78.8,6.93
50,Mangan,0,IN,1584336629,23,27.52,88.53,58.28,7.05
51,Bosaso,20,SO,1584336629,83,11.28,49.18,78.8,7.2
52,Jacareacanga,100,BR,1584336629,98,-6.22,-57.75,68.97,2.08
53,Van,75,TR,1584336629,87,38.49,43.38,42.8,8.05
54,Tasiilaq,100,GL,1584336630,47,65.61,-37.64,12.2,6.93
55,Haapiti,40,PF,1584336630,70,-17.57,-149.87,84.2,6.93
56,Klaksvík,100,FO,1584336630,69,62.23,-6.59,35.6,21.92
57,Arona,75,ES,1584336630,55,28.1,-16.68,62.6,8.05
58,Lata,40,PT,1584336631,75,40.16,-8.33,50.0,4.7
59,Hong Kong,20,HK,1584336432,56,22.29,114.16,77.0,18.34
60,Karratha,0,AU,1584336471,74,-20.74,116.85,86.11,12.15
61,Saint George,1,US,1584336607,66,37.1,-113.58,55.99,4.7
62,Portland,90,US,1584336245,44,45.52,-122.68,41.0,23.04
63,Mar del Plata,0,AR,1584336519,93,-38.0,-57.56,59.0,2.24
64,Leningradskiy,34,RU,1584336632,73,69.38,178.42,10.04,5.06
65,Burgos,90,ES,1584336632,97,42.34,-3.71,35.01,9.17
66,Ilulissat,97,GL,1584336633,57,69.22,-51.1,-11.2,18.34
67,Sitka,20,US,1584336633,80,57.05,-135.33,39.2,10.29
68,Lithakia,75,GR,1584336572,87,37.72,20.83,53.6,3.36
69,Talnakh,20,RU,1584336633,83,69.49,88.4,-13.0,8.95
70,Cidreira,100,BR,1584336634,91,-30.18,-50.21,73.62,17.63
71,São Filipe,30,CV,1584336634,75,14.9,-24.5,70.02,18.48
72,Albany,1,US,1584336559,35,42.6,-73.97,27.0,10.29
73,Sartana,0,UA,1584336634,50,47.17,37.7,33.85,11.34
74,Atuona,0,PF,1584336635,67,-9.8,-139.03,82.22,10.07
75,Barrow,90,US,1584336635,92,71.29,-156.79,19.4,14.99
76,Mossamedes,90,AO,1584336635,77,-15.2,12.15,75.31,4.7
77,Saldanha,95,ZA,1584336635,56,-33.01,17.94,68.0,8.05
78,Vuktyl,57,RU,1584336636,90,63.86,57.31,10.27,15.3
79,Nemuro,75,JP,1584336636,63,43.32,145.57,30.2,4.7
80,Puerto Colombia,0,CO,1584336636,74,10.99,-74.95,78.8,19.46
81,Challans,90,FR,1584336636,93,46.84,-1.87,46.4,6.93
82,Acapulco de Juárez,20,MX,1584336636,83,16.86,-99.89,80.6,4.7
83,Beyneu,87,KZ,1584336637,61,45.32,55.2,49.48,5.86
84,Trelew,65,AR,1584336637,19,-43.25,-65.31,67.71,14.25
85,Dikson,100,RU,1584336637,99,73.51,80.55,-13.58,9.8
86,Abasolo,40,MX,1584336637,49,20.45,-101.52,69.8,4.7
87,Saint-Philippe,90,RE,1584336637,58,-21.36,55.77,84.2,10.29
88,Hobyo,84,SO,1584336638,71,5.35,48.53,83.07,15.1
89,New Norfolk,20,AU,1584336638,49,-42.78,147.06,68.0,11.41
90,Kalmunai,33,LK,1584336638,80,7.42,81.82,82.27,14.79
91,Bonthe,100,SL,1584336638,85,7.53,-12.51,78.94,4.59
92,Esperance,75,AU,1584336639,51,-33.87,121.9,80.6,10.29
93,Arraial do Cabo,0,BR,1584336639,84,-22.97,-42.03,77.67,26.62
94,Kindu,88,CD,1584336639,96,-2.95,25.95,72.54,1.25
95,Hobart,20,AU,1584336345,49,-42.88,147.33,68.0,11.41
96,Norman Wells,40,CA,1584336640,78,65.28,-126.83,10.4,16.11
97,Chui,83,UY,1584336640,82,-33.7,-53.46,59.58,4.56
98,Margate,59,GB,1584336604,86,51.38,1.39,44.01,4.7
99,General Delgado,26,PY,1584336640,83,-27.17,-56.52,77.0,4.7
100,Berëzovka,84,BY,1584336641,40,53.72,25.5,32.07,16.08
101,Souillac,75,MU,1584336641,83,-20.52,57.52,81.0,2.24
102,Ponta Delgada,20,PT,1584336641,81,37.73,-25.67,53.6,3.36
103,Vila Franca do Campo,20,PT,1584336641,81,37.72,-25.43,53.6,3.36
104,Ayagoz,77,KZ,1584336642,97,47.97,80.44,36.91,2.26
105,Bullas,97,ES,1584336642,95,38.05,-1.67,41.0,1.01
106,La Ronge,5,CA,1584336642,60,55.1,-105.28,10.4,11.41
107,Zhangye,67,CN,1584336643,18,38.93,100.45,51.13,1.97
108,Saskylakh,100,RU,1584336643,94,71.92,114.08,-14.98,20.24
109,Sri Aman,75,MY,1584336643,79,1.24,111.46,86.0,4.7
110,Diapaga,15,BF,1584336644,11,12.07,1.79,75.72,8.52
111,Aguié,100,NE,1584336644,14,13.51,7.78,67.77,7.52
112,Port Blair,81,IN,1584336644,71,11.67,92.75,83.73,9.78
113,Cherskiy,92,RU,1584336644,86,68.75,161.3,8.69,5.53
114,Saint-Augustin,52,CA,1584336645,80,51.23,-58.65,-0.2,9.04
115,Khatanga,33,RU,1584336645,91,71.97,102.5,-20.63,11.36
116,Nambiyūr,40,IN,1584336645,54,11.37,77.33,84.2,4.7
117,Clyde River,1,CA,1584336645,74,70.47,-68.59,-22.0,17.22
118,Panórama,40,GR,1584336645,75,40.59,23.03,46.0,5.82
119,Poum,1,NC,1584336646,76,-20.23,164.02,82.0,9.98
120,Brejinho,75,BR,1584336646,94,-6.19,-35.36,75.2,3.36
121,Yangcun,46,CN,1584336646,37,39.36,117.06,53.01,6.71
122,Moberly,90,US,1584336647,79,39.42,-92.44,37.99,3.36
123,Severo-Kuril'sk,99,RU,1584336647,92,50.68,156.12,20.97,48.18
124,Knokke-Heist,74,BE,1584336647,93,51.33,3.33,46.0,5.82
125,El Batey,75,DO,1584336647,94,19.77,-70.52,75.99,9.4
126,Nizhniy Tsasuchey,53,RU,1584336648,58,50.52,115.13,38.41,22.3
127,Atar,0,MR,1584336648,36,20.52,-13.05,60.35,10.04
128,Carnarvon,4,AU,1584336648,62,-24.87,113.63,84.2,17.22
129,Cabo San Lucas,75,MX,1584336512,77,22.89,-109.91,69.01,6.93
130,Río Gallegos,100,AR,1584336649,63,-51.62,-69.22,60.94,13.58
131,Barpeta,20,IN,1584336649,58,26.32,91.0,84.2,3.36
132,Kokkola,85,FI,1584336649,65,63.84,23.13,37.0,11.41
133,Tiksi,100,RU,1584336649,81,71.69,128.87,11.17,19.48
134,Hilo,75,US,1584336650,73,19.73,-155.09,75.2,4.7
135,Buala,100,SB,1584336650,74,-8.14,159.59,83.62,8.25
136,Lüderitz,0,NA,1584336650,82,-26.65,15.16,60.8,9.17
137,Truth or Consequences,1,US,1584336650,32,33.13,-107.25,55.4,6.93
138,Yulara,0,AU,1584336650,9,-25.24,130.99,93.2,8.05
139,Oyama,40,JP,1584336651,29,36.3,139.8,57.0,23.04
140,Ayan,4,RU,1584336651,88,56.45,138.17,9.21,6.06
141,Lompoc,90,US,1584336397,93,34.64,-120.46,54.0,6.93
142,Yeppoon,18,AU,1584336651,45,-23.13,150.73,84.2,9.17
143,Kysyl-Syr,100,RU,1584336652,95,63.9,122.76,9.72,11.7
144,Kholodnyy,94,RU,1584336652,90,62.72,147.95,-3.28,8.01
145,Tuktoyaktuk,20,CA,1584336652,83,69.45,-133.04,-13.0,5.82
146,Bengkulu,81,ID,1584336652,71,-3.8,102.27,85.24,5.08
147,Turukhansk,82,RU,1584336652,83,65.82,87.98,2.66,9.51
148,Orodara,100,BF,1584336653,69,10.95,-4.93,80.6,6.93
149,Marabu,75,MY,1584336653,75,4.41,114.01,89.6,8.05
150,Bethel,1,US,1584336653,40,41.37,-73.41,39.99,3.36
151,Grindavik,75,IS,1584336654,93,63.84,-22.43,35.6,14.99
152,Asău,0,RO,1584336654,79,46.43,26.4,19.4,1.12
153,Noumea,54,NC,1584336606,70,-22.28,166.46,84.2,11.41
154,Camapuã,74,BR,1584336654,86,-19.53,-54.04,71.55,1.9
155,Tilichiki,100,RU,1584336654,96,60.47,166.1,30.36,33.8
156,Ochamchira,100,GE,1584336655,75,42.71,41.47,44.8,14.99
157,Tura,22,IN,1584336655,19,25.52,90.22,88.93,10.8
158,Geraldton,95,AU,1584336636,57,-28.77,114.6,78.8,11.41
159,Belaya Gora,22,RU,1584336655,92,68.53,146.42,-10.43,1.05
160,Ahipara,100,NZ,1584336655,75,-35.17,173.17,67.1,10.38
161,Villarrica,50,PY,1584336656,74,-25.75,-56.43,74.35,4.47
162,Ubinskoye,97,RU,1584336656,87,55.31,79.68,33.35,22.21
163,Humaitá,100,BR,1584336656,98,-7.51,-63.02,71.71,1.95
164,San Matías,43,BO,1584336656,86,-16.37,-58.4,75.52,4.76
165,Torbay,40,CA,1584336657,73,47.67,-52.73,25.0,8.05
166,São João da Barra,0,BR,1584336657,86,-21.64,-41.05,75.94,13.04
167,Chimbote,100,PE,1584336657,74,-9.09,-78.58,74.35,3.58
168,San Cristobal,20,VE,1584336657,73,7.77,-72.22,75.2,4.7
169,Husavik,90,IS,1584336658,64,66.04,-17.34,33.8,34.45
170,San Jose,90,US,1584336612,76,37.34,-121.89,48.99,2.53
171,Kilembe,30,UG,1584336658,82,0.2,30.0,72.66,1.77
172,Ribeira Grande,2,PT,1584336658,82,38.52,-28.7,56.01,9.15
173,Vostok,57,RU,1584336661,83,46.49,135.88,19.72,11.52
174,Kutum,16,SD,1584336662,19,14.2,24.67,67.33,6.02
175,Benjamín Aceval,99,PY,1584336662,83,-24.97,-57.57,77.0,11.41
176,Samarai,11,PG,1584336662,66,-10.62,150.67,85.15,3.24
177,Lazarev,31,RU,1584336662,85,52.23,141.51,9.37,3.71
178,Hirara,0,JP,1584336663,43,24.8,125.28,71.6,11.41
179,Afuá,100,BR,1584336663,92,-0.16,-50.39,74.61,3.2
180,Nueva Helvecia,0,UY,1584336663,91,-34.3,-57.23,57.0,7.99
181,Grand Gaube,75,MU,1584336664,83,-20.01,57.66,81.0,2.24
182,Los Llanos de Aridane,0,ES,1584336664,63,28.66,-17.92,64.4,20.8
183,Inuvik,75,CA,1584336664,76,68.35,-133.72,-4.0,9.17
184,Road Town,1,VG,1584336429,64,18.42,-64.62,75.99,4.7
185,Kīhei,75,US,1584336665,85,20.79,-156.47,75.2,5.82
186,Westport,1,US,1584336665,29,41.14,-73.36,41.0,9.17
187,Tezu,100,IN,1584336665,44,27.92,96.17,79.61,4.85
188,Okhotsk,12,RU,1584336665,74,59.38,143.3,12.69,16.93
189,Whitehorse,40,CA,1584336458,57,60.72,-135.05,23.0,3.36
190,Llanes,100,ES,1584336666,100,43.42,-4.75,45.0,4.0
191,Broome,1,US,1584336652,53,42.25,-75.83,25.0,3.36
192,Narsaq,100,GL,1584336664,79,60.92,-46.05,19.4,5.82
193,San Rafael,0,AR,1584336667,67,-34.62,-68.33,56.48,3.98
194,Assiut,0,EG,1584336667,53,27.18,31.18,67.42,3.85
195,Kasongo,100,CD,1584336667,96,-4.45,26.67,73.58,2.06
196,Ixtapa,5,MX,1584336427,88,20.7,-105.2,71.6,2.17
197,Southbridge,1,US,1584336669,21,42.08,-72.03,33.01,5.82
198,Vao,45,NC,1584336669,74,-22.67,167.48,80.42,22.28
199,Çanakkale Province,75,TR,1584336669,65,40.08,26.83,42.8,24.16
200,Nouadhibou,0,MR,1584336669,82,20.93,-17.03,60.8,19.46
201,Ternate,100,ID,1584336670,68,0.8,127.4,84.31,4.36
202,Airai,92,TL,1584336670,82,-8.93,125.41,73.62,3.78
203,Morón,0,AR,1584336670,93,-34.65,-58.62,68.0,4.7
204,Bourail,52,NC,1584336670,78,-21.57,165.48,77.68,6.87
205,Henties Bay,2,NA,1584336670,94,-22.12,14.28,61.0,1.99
206,Yellowknife,20,CA,1584336671,65,62.46,-114.35,6.8,11.41
207,Kanadukathan,40,IN,1584336671,62,10.18,78.78,87.8,6.93
208,Rocha,14,UY,1584336671,92,-34.48,-54.33,53.11,1.83
209,Sinnamary,88,GF,1584336671,77,5.38,-52.95,79.3,10.83
210,Dudinka,20,RU,1584336672,83,69.41,86.18,-13.0,8.95
211,Nizwá,0,OM,1584336672,35,22.93,57.53,69.78,4.94
212,Beisfjord,99,NO,1584336672,92,68.38,17.6,23.0,19.46
213,Katsuura,20,JP,1584336672,32,35.13,140.3,57.99,40.26
214,Lingdong,55,CN,1584336673,72,46.57,131.15,24.26,13.0
215,Rio Grande,90,BR,1584336673,88,-32.03,-52.1,66.2,2.24
216,Jalu,0,LY,1584336673,24,29.03,21.55,67.77,6.46
217,Ketchikan,1,US,1584336673,74,55.34,-131.65,37.4,8.05
218,Saint-François,65,FR,1584336673,86,46.42,3.91,39.2,5.41
219,San Patricio,7,MX,1584336674,82,19.22,-104.7,76.51,3.65
220,Alice Springs,0,AU,1584336674,10,-23.7,133.88,87.8,9.17
221,Port Keats,0,AU,1584336677,55,-14.25,129.55,89.96,11.5
222,Zhigansk,100,RU,1584336677,91,66.77,123.37,6.24,24.67
223,Sioux Lookout,90,CA,1584336677,92,50.1,-91.92,24.8,5.82
224,Sørkjosen,40,NO,1584336678,58,69.8,20.93,26.6,33.33
225,Gamba,97,GA,1584336678,90,-2.65,10.0,78.06,1.14
226,Cabedelo,75,BR,1584336678,100,-6.98,-34.83,73.4,6.93
227,Jumla,0,NP,1584336678,14,29.27,82.18,55.29,3.78
228,Vardø,75,NO,1584336679,79,70.37,31.11,23.0,4.7
229,Pangnirtung,100,CA,1584336679,91,66.15,-65.71,-17.01,6.22
230,Albacete,75,ES,1584336679,93,38.83,-2.0,50.0,5.82
231,Fare,0,PF,1584336679,73,-16.7,-151.02,83.08,9.62
232,Vestmanna,100,FO,1584336679,69,62.16,-7.17,35.6,21.92
233,Corn Island,16,NI,1584336680,78,12.17,-83.04,80.28,14.56
234,Aykhal,90,RU,1584336680,92,66.0,111.5,24.8,6.71
235,Antalaha,87,MG,1584336666,76,-14.9,50.28,80.29,9.19
236,Fort Nelson,5,CA,1584336680,62,58.81,-122.7,19.4,2.24
237,Thompson,90,CA,1584336681,78,55.74,-97.86,15.8,12.75
238,Lat Yao,90,TH,1584336681,40,15.75,99.79,95.43,6.15
239,Ibrā’,0,OM,1584336681,46,22.69,58.53,73.24,6.46
240,Provideniya,90,RU,1584336681,92,64.38,-173.3,21.2,6.71
241,Adrar,0,MR,1584336682,28,20.5,-10.07,62.91,13.02
242,Inskoy,99,RU,1584336682,100,54.43,86.44,36.3,16.87
243,Huarmey,100,PE,1584336682,74,-10.07,-78.15,72.28,2.86
244,Quesnel,1,CA,1584336663,66,53.0,-122.5,15.8,1.1
245,Carutapera,100,BR,1584336682,85,-1.2,-46.02,79.0,11.72
246,Quatre Cocos,75,MU,1584336683,83,-20.21,57.76,81.0,2.24
247,Rawson,81,AR,1584336683,42,-43.3,-65.1,67.89,23.02
248,Jacqueville,20,CI,1584336683,94,5.21,-4.41,80.6,2.24
249,Buraidah,0,SA,1584336683,77,26.33,43.98,60.8,6.93
250,Tadine,48,NC,1584336684,76,-21.55,167.88,82.0,7.0
251,Najrān,22,SA,1584336684,43,17.49,44.13,71.6,4.7
252,Iqaluit,90,CA,1584336684,70,63.75,-68.51,-0.4,10.76
253,San Quintín,0,MX,1584336685,81,30.48,-115.95,58.1,11.39
254,Puerto Escondido,8,MX,1584336685,88,15.85,-97.07,69.94,2.86
255,Tommot,100,RU,1584336685,97,58.96,126.29,29.82,7.67
256,Katobu,23,ID,1584336685,78,-4.94,122.53,84.16,3.87
257,Palanga,99,LT,1584336686,64,55.92,21.07,41.0,19.46
258,Burnie,53,AU,1584336686,69,-41.07,145.92,66.0,13.0
259,Manokwari,74,ID,1584336686,87,-0.87,134.08,75.11,2.44
260,Tuatapere,79,NZ,1584336686,64,-46.13,167.68,53.01,14.0
261,Lagdo,39,CM,1584336687,14,9.05,13.73,71.85,1.32
262,Whitianga,100,NZ,1584336687,68,-36.83,175.7,69.01,1.99
263,Ossora,100,RU,1584336687,97,59.24,163.07,32.18,28.74
264,Upernavik,0,GL,1584336687,84,72.79,-56.15,-21.59,9.78
265,Alofi,96,NU,1584336688,83,-19.06,-169.92,82.4,4.7
266,Sola,100,VU,1584336688,77,-13.88,167.55,84.09,21.21
267,Ca Mau,10,VN,1584336574,38,9.18,105.15,94.59,18.43
268,Nortelândia,59,BR,1584336688,96,-14.45,-56.8,70.56,3.42
269,Sørland,40,NO,1584336688,58,67.67,12.69,28.4,8.05
270,Pattoki,80,PK,1584336689,40,31.02,73.85,75.02,6.13
271,Cayambe,90,EC,1584336689,100,0.05,-78.13,57.2,4.7
272,Māgadi,18,IN,1584336689,51,12.97,77.23,88.0,6.93
273,Batié,13,BF,1584336690,73,9.88,-2.92,76.08,4.81
274,Isla Mujeres,5,MX,1584336690,78,21.23,-86.73,78.8,6.93
275,Ihosy,53,MG,1584336690,84,-22.4,46.12,68.07,7.23
276,Oktyabr'skiy,49,RU,1584336691,90,54.48,53.47,24.53,10.74
277,Malanville,81,BJ,1584336691,10,11.87,3.39,73.89,8.23
278,Kudahuvadhoo,2,MV,1584336691,66,2.67,72.89,84.07,8.16
279,Sidi Ali,100,DZ,1584336692,95,36.1,0.42,52.7,3.51
280,Dakar,0,SN,1584336665,83,14.69,-17.44,71.6,11.41
281,Dingle,17,PH,1584336692,49,11.0,122.67,86.97,12.19
282,Xiaoweizhai,100,CN,1584336693,94,26.19,107.51,55.85,2.71
283,Ancud,90,CL,1584336693,93,-41.87,-73.82,51.8,3.36
284,Lorengau,100,PG,1584336640,76,-2.02,147.27,83.73,9.8
285,Encruzilhada do Sul,100,BR,1584336508,95,-30.54,-52.52,64.17,8.25
286,Batemans Bay,58,AU,1584336664,54,-35.72,150.18,71.01,4.0
287,Sayyan,98,YE,1584336694,45,15.17,44.32,66.88,5.44
288,Talaya,100,RU,1584336694,93,61.38,152.75,2.26,10.36
289,Shīeli,89,KZ,1584336694,24,44.17,66.75,69.55,17.4
290,Port-Cartier,75,CA,1584336695,43,50.03,-66.87,10.4,8.05
291,Mitú,100,CO,1584336589,97,1.2,-70.17,72.54,1.7
292,Scarborough,2,GB,1584336695,87,54.28,-0.4,43.0,2.24
293,Richards Bay,67,ZA,1584336695,82,-28.78,32.04,76.06,19.04
294,Synya,100,RU,1584336696,90,65.37,58.04,11.84,14.52
295,Sühbaatar,67,MN,1584336696,88,50.23,106.21,34.43,5.84
296,Kruisfontein,93,ZA,1584336631,83,-34.0,24.73,61.68,16.13
297,Codrington,17,AU,1584336696,76,-38.27,141.97,62.4,15.86
298,Hokitika,0,NZ,1584336697,78,-42.72,170.97,61.27,16.64
299,Labuhan,7,ID,1584336697,68,-6.88,112.21,87.06,2.64
300,Nadvoitsy,100,RU,1584336697,96,63.87,34.32,34.3,16.24
301,Gucheng,99,CN,1584336697,15,35.91,111.32,65.84,5.95
302,Srednekolymsk,11,RU,1584336698,91,67.45,153.68,-3.28,5.7
303,Ust-Nera,88,RU,1584336698,91,64.57,143.2,-10.62,2.93
304,Dukhovnitskoye,98,RU,1584336698,81,52.48,48.21,32.25,15.57
305,Camopi,72,GF,1584336698,98,3.17,-52.32,70.3,1.77
306,Fairbanks,90,US,1584336416,68,64.84,-147.72,27.0,3.38
307,Juneau,20,US,1584336485,86,58.3,-134.42,36.0,2.33
308,Ugoofaaru,36,MV,1584336699,75,5.67,73.0,83.61,10.56
309,Sumenep,0,ID,1584336700,69,-7.02,113.87,85.42,6.87
310,Kiama,40,AU,1584336700,68,-34.68,150.87,71.01,13.87
311,Yangi Marg`ilon,100,UZ,1584336700,38,40.43,71.72,62.6,2.24
312,Tabuk,82,PH,1584336700,71,17.42,121.44,77.23,14.07
313,Briceni,0,MD,1584336701,41,48.36,27.7,33.13,3.53
314,Tubualá,20,PA,1584336701,65,9.52,-79.03,80.6,5.82
315,Laguna,75,US,1584336701,81,38.42,-121.42,48.99,5.82
316,Caravelas,100,BR,1584336701,77,-17.71,-39.25,79.75,7.31
317,Roebourne,0,AU,1584336701,18,-20.78,117.13,104.86,9.57
318,Tigil',71,RU,1584336682,77,57.8,158.67,34.45,15.61
319,Ambulu,1,ID,1584336702,71,-8.35,113.61,83.93,9.37
320,Kendari,59,ID,1584336702,80,-3.94,122.5,83.01,4.0
321,Maputo,40,MZ,1584336702,88,-25.97,32.59,78.01,10.29
322,Severnyy,40,RU,1584336703,73,50.68,36.55,26.6,8.95
323,Oddur,36,SO,1584336703,67,4.12,43.89,79.66,16.89
324,Bukachacha,100,RU,1584336703,68,52.98,116.92,33.26,10.89
325,Guangming,96,CN,1584336703,61,45.33,122.78,37.99,4.0
326,Qaqortoq,61,GL,1584336703,79,60.72,-46.03,19.4,5.82
327,Storforshei,75,NO,1584336704,85,66.4,14.52,21.2,2.24
328,Katherine,0,AU,1584336704,30,-14.47,132.27,96.8,5.82
329,Arraias,97,BR,1584336704,95,-12.93,-46.94,67.87,3.29
330,Faanui,4,PF,1584336705,70,-16.48,-151.75,83.17,10.04
331,Zinder,99,NE,1584336705,14,13.81,8.99,67.91,7.52
332,Kununurra,20,AU,1584336705,30,-15.77,128.73,98.6,10.29
333,Januária,100,BR,1584336706,93,-15.48,-44.37,66.56,0.47
334,Banda Aceh,79,ID,1584336706,53,5.56,95.32,89.89,7.49
335,Eha Amufu,65,NG,1584336706,74,6.66,7.76,84.2,5.82
336,Stann Creek Town,0,BZ,1584336706,93,16.97,-88.23,73.0,3.0
337,Viedma,0,AR,1584336707,48,-40.81,-63.0,60.75,15.48
338,Ifanadiana,0,MG,1584336707,69,-21.3,47.63,75.87,1.21
339,Bishop Auckland,65,GB,1584336707,86,54.66,-1.68,41.0,1.12
340,Qian’an,83,CN,1584336671,20,44.99,124.06,37.49,13.85
341,Baruun-Urt,74,MN,1584336708,87,46.68,113.28,33.35,10.74
342,Krasnoarmiys'k,0,UA,1584336708,50,48.28,37.18,31.41,11.01
343,The Pas,1,CA,1584336709,78,53.83,-101.25,10.4,11.41
344,Aksarka,69,RU,1584336709,91,66.56,67.8,-0.02,13.24
345,Paraíso,34,CR,1584336611,64,9.84,-83.87,69.8,17.22
346,Shubarkuduk,99,KZ,1584336709,68,49.14,56.49,39.34,8.59
347,Verkh-Usugli,98,RU,1584336709,50,52.7,115.17,38.12,10.33
348,Benghazi,0,LY,1584336710,59,32.12,20.07,62.85,9.53
349,Skorodnoye,40,RU,1584336710,73,51.07,37.23,26.6,8.95
350,Kattivākkam,40,IN,1584336710,62,13.22,80.32,87.8,9.17
351,Conde,75,BR,1584336615,100,-7.26,-34.91,73.4,6.93
352,Antsohihy,81,MG,1584336711,81,-14.88,47.99,81.55,3.67
353,Nampula,75,MZ,1584336711,94,-15.12,39.27,73.4,6.93
354,Gland,14,CH,1584336711,93,46.42,6.27,41.0,1.12
355,Tiarei,40,PF,1584336711,70,-17.53,-149.33,84.2,6.93
356,Longyan,77,CN,1584336652,53,25.11,117.02,66.6,5.19
357,Chuncheng,97,CN,1584336712,63,22.17,111.79,73.99,11.88
358,Ponta do Sol,40,PT,1584336712,67,32.67,-17.1,60.8,13.87
359,Cotonou,40,BJ,1584336712,88,6.37,2.42,82.4,11.41
360,Beloha,43,MG,1584336712,62,-25.17,45.05,81.73,8.21
361,Akureyri,90,IS,1584336712,64,65.68,-18.09,33.8,34.45
362,Shreveport,90,US,1584336713,100,32.53,-93.75,52.0,9.17
363,Fernie,5,CA,1584336713,73,49.5,-115.07,19.4,3.36
364,Sann,40,PK,1584336713,56,26.04,68.14,73.4,6.93
365,Pokhara,0,NP,1584336713,27,28.23,83.98,77.76,4.07
366,Kāzerūn,52,IR,1584336714,25,29.62,51.65,70.43,4.12
367,Lebanon,90,US,1584336672,75,36.21,-86.29,44.01,5.12
368,Abnūb,0,EG,1584336714,52,27.27,31.15,68.74,4.18
369,Doka,69,SD,1584336714,21,13.52,35.77,81.21,7.49
370,Sovetskaya,100,RU,1584336714,7,44.78,41.17,25.0,1.99
371,Muros,75,ES,1584336715,100,42.78,-9.06,50.0,6.93
372,Aguçadoura,20,PT,1584336715,93,41.43,-8.78,45.0,6.93
373,Klaeng,58,TH,1584336715,43,12.78,101.65,95.0,6.64
374,Saint-Pierre,90,RE,1584336686,58,-21.34,55.48,84.2,10.29
375,Myślibórz,100,PL,1584336716,61,52.92,14.87,37.0,3.0
376,Hasaki,75,JP,1584336716,34,35.73,140.83,55.0,17.22
377,Prince George,1,CA,1584336677,56,53.92,-122.75,14.0,2.01
378,Bathsheba,40,BB,1584336636,78,13.22,-59.52,75.2,5.82
379,Stara Vyzhivka,53,UA,1584336716,37,51.44,24.44,33.26,14.23
380,Vasil'yevskiy Mokh,0,RU,1584336717,55,57.01,35.92,29.77,11.34
381,Pontinia,5,IT,1584336717,93,41.41,13.04,48.0,9.17
382,Alta Gracia,75,AR,1584336717,93,-31.65,-64.43,61.0,2.75
383,Kortkeros,0,RU,1584336717,66,61.81,51.58,14.0,6.71
384,Lerwick,25,GB,1584336718,53,60.15,-1.15,39.2,12.75
385,Freistadt,11,AT,1584336718,74,48.51,14.5,33.01,2.24
386,Ndjolé,74,GA,1584336718,98,-0.18,10.76,72.66,1.57
387,East London,90,ZA,1584336718,100,-33.02,27.91,62.6,2.24
388,Plettenberg Bay,90,ZA,1584336719,85,-34.05,23.37,63.07,16.15
389,Lázaro Cárdenas,18,MX,1584336719,90,17.96,-102.2,74.3,0.72
390,Champerico,12,GT,1584336666,80,14.3,-91.92,76.05,3.91
391,Presidente Epitácio,0,BR,1584336719,88,-21.76,-52.12,72.34,2.84
392,Ormara,33,PK,1584336720,57,25.21,64.64,74.1,5.75
393,Osypenko,0,UA,1584336720,45,46.91,36.83,33.55,10.54
394,Jódar,87,ES,1584336723,67,37.84,-3.35,48.99,11.56
395,Vila do Maio,20,CV,1584336723,77,15.13,-23.22,69.8,16.11
396,Coahuayana Viejo,16,MX,1584336723,92,18.73,-103.68,70.5,3.53
397,Pochutla,2,MX,1584336724,82,15.74,-96.47,80.01,10.38
398,Yarkovo,0,RU,1584336724,76,57.4,67.08,28.62,7.81
399,Pacific Grove,90,US,1584336724,100,36.62,-121.92,50.0,4.7
400,Cap Malheureux,75,MU,1584336725,83,-19.98,57.61,81.0,2.24
401,Wanning,85,CN,1584336725,73,18.8,110.4,77.76,9.51
402,Makassar,40,ID,1584336692,70,-5.14,119.42,87.8,5.82
403,Yar-Sale,45,RU,1584336725,89,66.83,70.83,-2.74,9.42
404,Hashtrūd,45,IR,1584336726,75,37.48,47.05,45.41,8.34
405,Outjo,91,NA,1584336726,93,-20.12,16.15,62.6,2.24
406,Horsham,1,GB,1584336726,100,51.06,-0.33,42.8,1.12
407,Andapa,83,MG,1584336726,68,-14.65,49.65,77.85,2.3
408,Bambanglipuro,6,ID,1584336726,65,-7.95,110.28,87.35,11.63
409,Kaoma,100,ZM,1584336727,96,-14.78,24.8,66.51,3.58
410,Camacha,75,PT,1584336727,63,33.08,-16.33,60.8,16.11
411,Petropavlovsk-Kamchatskiy,90,RU,1584336727,100,53.05,158.65,35.6,6.71
412,Boguchany,100,RU,1584336728,93,58.38,97.45,33.69,10.22
413,Petra,0,JO,1584336728,64,30.32,35.48,57.4,1.79
414,High Level,20,CA,1584336728,46,58.52,-117.14,30.2,3.36
415,Lukaya,90,UG,1584336728,93,-0.15,31.87,66.2,28.86
416,Taltal,16,CL,1584336729,92,-25.4,-70.48,57.58,5.08
417,Ōmagari,75,JP,1584336729,60,39.45,140.48,39.2,18.34
418,Iquique,46,CL,1584336729,68,-20.22,-70.14,69.8,3.36
419,Cícero Dantas,63,BR,1584336437,97,-10.6,-38.38,69.57,4.07
420,Isangel,90,VU,1584336730,79,-19.55,169.27,86.0,20.8
421,La Asuncion,74,VE,1584336730,100,11.03,-63.86,75.2,3.36
422,Gijang,20,KR,1584336730,23,35.24,129.21,51.8,9.17
423,Province of Trapani,40,IT,1584336730,93,37.83,12.67,53.6,4.7
424,Bilibino,83,RU,1584336730,87,68.05,166.44,1.02,3.56
425,Bantry,36,IE,1584336731,80,51.68,-9.45,35.6,3.36
426,Fortuna,40,US,1584336731,80,40.6,-124.16,41.0,13.87
427,Mujiayingzi,0,CN,1584336731,20,42.12,118.78,52.83,29.17
428,Esso,99,RU,1584336731,94,55.93,158.7,25.32,14.41
429,Mareeba,77,AU,1584336732,40,-17.0,145.43,89.6,13.87
430,Kirakira,100,SB,1584336732,76,-10.45,161.92,81.72,6.31
431,Tereze,90,RU,1584336732,92,43.94,42.44,30.2,6.71
432,Benicarló,100,ES,1584336732,94,40.42,0.43,50.0,1.99
433,Praia da Vitória,20,PT,1584336733,87,38.73,-27.07,59.0,11.52
434,Tandaltī,39,SD,1584336733,13,13.02,31.87,77.23,15.3
435,Aksu,0,CN,1584336733,16,41.12,80.26,57.15,7.11
436,Xining,100,CN,1584336733,45,36.62,101.77,36.79,1.99
437,Kumul,0,CN,1584336687,16,42.8,93.45,53.02,3.04
438,Oga,2,IT,1584336734,92,46.46,10.35,37.0,2.24
439,Dawlatabad,100,AF,1584336734,34,36.41,64.91,69.33,5.03
440,Qasigiannguit,97,GL,1584336734,57,68.82,-51.19,-11.2,18.34
441,Khalkhāl,30,IR,1584336734,65,37.62,48.53,45.37,5.37
442,Brae,22,GB,1584336735,55,60.4,-1.35,39.2,4.7
443,Palmer,1,US,1584336735,33,42.16,-72.33,33.01,10.29
444,Mayo,1,US,1584336735,86,38.89,-76.51,42.8,3.36
445,Tisău,5,RO,1584336735,62,45.17,26.52,24.01,1.92
446,Sembabule,54,UG,1584336736,75,-0.08,31.46,72.12,3.04
447,Troy,1,US,1584336736,74,42.61,-83.15,30.2,3.36
448,Batagay,75,RU,1584336736,81,67.63,134.63,-2.45,5.46
449,Zhob,56,PK,1584336736,35,31.34,69.45,61.16,6.87
450,Syracuse,75,IT,1584336688,71,37.09,15.28,57.2,8.05
451,Tabou,100,CI,1584336663,95,4.42,-7.35,75.02,1.83
452,Formosa,33,AR,1584336737,94,-26.18,-58.18,75.2,6.93
453,Alvarado,40,MX,1584336737,94,18.77,-95.77,75.2,2.24
454,Seddon,0,AU,1584336738,31,-37.81,144.89,81.0,8.05
455,Constitución,0,CL,1584336738,57,-35.33,-72.42,55.42,3.67
456,Gizo Government Station,99,SB,1584336738,72,-8.1,156.84,81.82,4.56
457,Sète,90,FR,1584336738,76,43.4,3.7,55.99,23.04
458,Amga,99,RU,1584336739,86,60.9,131.96,14.22,3.06
459,Meulaboh,97,ID,1584336739,69,4.14,96.13,85.37,4.68
460,Gloucester,1,GB,1584336739,100,51.87,-2.24,37.99,4.7
461,Yerbogachën,100,RU,1584336739,86,61.28,108.01,31.3,14.36
462,Emba,100,KZ,1584336739,90,48.83,58.14,33.82,1.43
463,Onda,75,ES,1584336740,93,39.97,-0.25,57.2,9.17
464,Ritchie,56,ZA,1584336740,93,-29.04,24.6,60.8,4.7
465,Paamiut,0,GL,1584336740,60,61.99,-49.67,-6.09,13.98
466,Waddān,0,LY,1584336740,74,29.16,16.14,56.55,7.27
467,Hualmay,100,PE,1584336741,79,-11.1,-77.61,71.47,3.65
468,Walvis Bay,90,NA,1584336741,93,-22.96,14.51,61.0,9.17
469,Iisalmi,90,FI,1584336741,86,63.56,27.19,37.4,14.99
470,Honiara,75,SB,1584336741,74,-9.43,159.95,86.0,11.41
471,Bobenheim-Roxheim,13,DE,1584336742,75,49.59,8.36,46.0,1.12
472,Mandera,20,KE,1584336682,55,3.94,41.87,85.32,8.68
473,Guerrero Negro,0,MX,1584336742,76,27.98,-114.06,59.65,11.81
474,Manjacaze,5,MZ,1584336742,73,-24.71,33.88,80.15,9.26
475,Sydney Mines,90,CA,1584336742,79,46.24,-60.22,27.0,5.82
476,Bubaque,67,GW,1584336743,47,11.28,-15.83,78.73,15.52
477,Mwinilunga,100,ZM,1584336743,98,-11.74,24.43,62.56,5.1
478,Gao,80,ML,1584336743,13,16.64,1.64,75.43,12.01
479,Florø,2,NO,1584336743,64,61.6,5.03,37.0,8.05
480,Te Anau,89,NZ,1584336744,72,-45.42,167.72,45.95,9.44
481,College,90,US,1584336709,68,64.86,-147.8,26.6,3.2
482,Damietta,0,EG,1584336744,79,31.42,31.81,62.31,6.2
483,Saquarema,0,BR,1584336744,83,-22.92,-42.51,78.8,4.7
484,Atasū,100,KZ,1584336744,100,48.68,71.64,37.36,2.48
485,Alugan,32,PH,1584336745,66,12.22,125.48,81.97,9.24
486,Lavrentiya,1,RU,1584336745,80,65.58,-171.0,20.71,6.91
487,Zambezi,100,ZM,1584336745,93,-13.54,23.1,68.22,4.88
488,San Fernando,90,PH,1584336745,58,15.03,120.69,87.8,6.93
489,Seredka,100,RU,1584336745,55,58.16,28.19,33.8,8.95
490,Matara,11,LK,1584336699,54,5.95,80.54,90.3,7.76
491,Dalbandin,30,PK,1584336746,20,28.89,64.41,73.42,12.86
492,Jiaocheng,92,CN,1584336746,56,24.68,116.14,69.3,2.62
493,Napoleon,1,US,1584336747,100,41.39,-84.13,33.01,8.05
494,Loandjili,75,CG,1584336747,94,-4.76,11.86,80.6,2.24
495,Nhulunbuy,40,AU,1584336747,52,-12.23,136.77,87.8,10.29
496,Oudtshoorn,75,ZA,1584336747,100,-33.59,22.2,59.0,11.41
497,Yerofey Pavlovich,100,RU,1584336747,90,53.97,121.97,26.04,2.71
498,Miranda,40,CO,1584336748,83,3.25,-76.23,71.6,4.7
499,Malindi,75,KE,1584336632,94,-3.22,40.12,80.6,6.71
500,San Andrés,20,CO,1584336748,74,12.58,-81.7,80.6,11.41
501,Umluj,0,SA,1584336748,27,25.02,37.27,76.26,4.63
502,Half Moon Bay,90,US,1584336749,76,37.46,-122.43,48.99,4.7
503,Innisfail,12,AU,1584336749,65,-17.53,146.03,81.37,9.82
504,Waipawa,100,NZ,1584336749,77,-41.41,175.52,64.0,13.87
505,Uppsala County,100,SE,1584336749,93,60.0,17.75,42.01,3.36
506,Kiruna,17,SE,1584336749,73,67.86,20.23,19.4,12.75
507,Itaperuna,12,BR,1584336750,92,-21.2,-41.89,67.26,3.78
508,Vestmannaeyjar,87,IS,1584336750,67,63.44,-20.27,42.35,25.59
509,Athens,90,GR,1584336626,81,37.98,23.72,48.0,11.41
510,Peleduy,100,RU,1584336750,93,59.63,112.74,32.72,13.71
511,Sorrento,0,IT,1584336751,56,40.63,14.37,51.01,4.7
512,Tam Ky,20,VN,1584336751,62,15.57,108.48,84.2,12.75
513,Tancanhuitz,92,MX,1584336751,98,21.6,-98.97,64.62,0.63
514,Mount Gambier,15,AU,1584336751,31,-37.83,140.77,75.2,5.82
515,Makushino,30,RU,1584336751,83,55.21,67.24,33.06,5.1
516,Elk City,90,US,1584336752,100,35.41,-99.4,44.6,5.82
517,Maiduguri,76,NG,1584336752,26,11.85,13.16,65.28,5.84
518,Souris,90,CA,1584336752,79,49.62,-100.26,23.0,17.22
519,Necochea,0,AR,1584336675,96,-38.55,-58.74,45.0,1.99
520,Luanda,75,AO,1584336680,88,-8.84,13.23,78.8,3.36
521,Jizan,40,SA,1584336753,61,17.33,42.67,82.4,4.7
522,Ampanihy,7,MG,1584336753,62,-24.7,44.75,80.92,3.51
523,Riyadh,0,SA,1584336676,48,24.69,46.72,64.4,2.24
524,Panama City,20,PA,1584336754,65,8.99,-79.52,80.6,5.82
525,Kulhudhuffushi,68,MV,1584336754,75,6.62,73.07,83.48,7.85
